Symbol,Series,Date,Close,Open,High,Low,Volume
HDFC,EQ,28-May-20,1570.4,1580,1643.8,1577,10262028
HDFC,EQ,29-May-20,1623.7,1615.9,1676.35,1590.9,13809103
HDFC,EQ,01-Jun-20,1658.9,1706.6,1764.85,1701.3,8056778
HDFC,EQ,02-Jun-20,1737.7,1737.7,1822.35,1732.15,8319067
HDFC,EQ,03-Jun-20,1813.55,1835.2,1859.45,1823.1,9490542
HDFC,EQ,04-Jun-20,1835.65,1815,1828.4,1759,7617538
HDFC,EQ,05-Jun-20,1764.3,1775,1788.95,1740.6,6691738
HDFC,EQ,08-Jun-20,1766.6,1801,1818.9,1748.35,6209421
HDFC,EQ,09-Jun-20,1760.8,1763.2,1826.75,1746,9065372
HDFC,EQ,10-Jun-20,1772.1,1784,1820,1782,4631195
HDFC,EQ,11-Jun-20,1809.3,1805,1826,1781.35,5383998
HDFC,EQ,12-Jun-20,1787.45,1710,1809,1710,5936632
HDFC,EQ,15-Jun-20,1792.2,1786.95,1805.25,1726,5082387
HDFC,EQ,16-Jun-20,1751.65,1785,1834,1768.05,7453412
HDFC,EQ,17-Jun-20,1821.9,1819,1847.15,1786,6816822
HDFC,EQ,18-Jun-20,1794.65,1790,1869,1787.3,5334835
HDFC,EQ,19-Jun-20,1855.95,1854,1867.5,1814,12199449
HDFC,EQ,22-Jun-20,1835.1,1850.8,1874.2,1813.1,4782899
HDFC,EQ,23-Jun-20,1819.4,1820,1845,1803.05,5043383
HDFC,EQ,24-Jun-20,1838.1,1825,1869,1788.6,7029207
HDFC,EQ,25-Jun-20,1797.75,1782.2,1811,1761.9,5939864
HDFC,EQ,26-Jun-20,1777.8,1793.85,1799.9,1752.4,5731517
HDFC,EQ,29-Jun-20,1769.35,1755,1775,1726.25,3948941
HDFC,EQ,30-Jun-20,1741.15,1751.15,1792.7,1747.2,6325246
HDFC,EQ,01-Jul-20,1754.65,1764,1844.8,1760.4,6991685
HDFC,EQ,02-Jul-20,1835.15,1852.95,1899,1842.6,6480519
HDFC,EQ,03-Jul-20,1889.45,1905.55,1908,1867.3,4430264
HDFC,EQ,06-Jul-20,1885.2,1903.25,1909.25,1864.55,5073705
HDFC,EQ,07-Jul-20,1868.7,1880,1892.35,1857,4157365
HDFC,EQ,08-Jul-20,1886.75,1895,1907,1871,2885754
HDFC,EQ,09-Jul-20,1886.05,1871.3,1947.9,1865,6703324
HDFC,EQ,10-Jul-20,1941.85,1915,1931.9,1876.25,3853348
HDFC,EQ,13-Jul-20,1886,1905,1907.2,1840,3403604
HDFC,EQ,14-Jul-20,1845.55,1825,1825.3,1770.5,5529793
HDFC,EQ,15-Jul-20,1791.6,1809,1821.9,1782,3994980
HDFC,EQ,16-Jul-20,1789.9,1792,1794.7,1750,4230162
HDFC,EQ,17-Jul-20,1787.8,1800,1821.95,1784.05,4240987
HDFC,EQ,20-Jul-20,1805.85,1844,1844,1801,3915997
HDFC,EQ,21-Jul-20,1806.05,1816.5,1900.95,1815,6884035
HDFC,EQ,22-Jul-20,1883.65,1895.5,1898.95,1851.5,5538884
HDFC,EQ,23-Jul-20,1881.05,1881.05,1910,1871.6,3647242
HDFC,EQ,24-Jul-20,1875.8,1854,1857.8,1817,3309356
HDFC,EQ,27-Jul-20,1841.3,1841.3,1861.95,1824,3724639
HDFC,EQ,28-Jul-20,1850.75,1859.35,1907,1844.5,4346193
HDFC,EQ,29-Jul-20,1897.35,1885,1918.5,1867.2,7413828
HDFC,EQ,30-Jul-20,1877.3,1880,1900.7,1804,7473426
HDFC,EQ,31-Jul-20,1810.65,1805,1811.2,1759,7746014
HDFC,EQ,03-Aug-20,1781.95,1781,1781.95,1730.1,4648927
HDFC,EQ,04-Aug-20,1739.8,1749,1794.45,1743.4,4722583
HDFC,EQ,05-Aug-20,1781.1,1784.4,1811.5,1766.25,5576455
HDFC,EQ,06-Aug-20,1776.7,1798.25,1805.7,1762.05,6004624
HDFC,EQ,07-Aug-20,1783.75,1774.95,1781.8,1763,5129995
HDFC,EQ,10-Aug-20,1777.7,1794,1811,1789.3,3030917
HDFC,EQ,11-Aug-20,1798.95,1813,1846.75,1810.5,4944312
HDFC,EQ,12-Aug-20,1826.75,1825.75,1837.7,1802,3606317
HDFC,EQ,13-Aug-20,1814.2,1818.5,1823.65,1799.55,3769538
HDFC,W3,13-Aug-20,180,310.2,339,299,984600
HDFC,EQ,14-Aug-20,1804.85,1818.6,1823.75,1773.25,6136766
HDFC,W3,14-Aug-20,299.95,300,320,300,521400
HDFC,EQ,17-Aug-20,1791.7,1805,1807.85,1783.85,4076960
HDFC,W3,17-Aug-20,309,315,319.5,312,233400
HDFC,EQ,18-Aug-20,1800.55,1801.1,1825.4,1795.95,3413536
HDFC,W3,18-Aug-20,315.4,319.9,325,319.9,149400
HDFC,EQ,19-Aug-20,1820.7,1835,1835.9,1818.05,2934730
HDFC,W3,19-Aug-20,322.25,325,329,323,57000
HDFC,EQ,20-Aug-20,1827.95,1803,1807.95,1782.25,2702815
HDFC,W3,20-Aug-20,323.25,310.25,323,310.1,34800
HDFC,EQ,21-Aug-20,1785.15,1800,1824.7,1787.15,3466213
HDFC,W3,21-Aug-20,320.7,327.75,335,324,366000
HDFC,EQ,24-Aug-20,1804.05,1814.95,1849,1811,3816127
HDFC,W3,24-Aug-20,328.5,338,342.95,335,372600
HDFC,EQ,25-Aug-20,1829.85,1843.75,1852.4,1817.05,2646159
HDFC,W3,25-Aug-20,337.7,344,344,333,27600
HDFC,EQ,26-Aug-20,1829.6,1837,1837.8,1803.6,3187424
HDFC,W3,26-Aug-20,335,333,335,332,13200
HDFC,EQ,27-Aug-20,1816,1832,1883,1830,8648531
HDFC,W3,27-Aug-20,333.8,340,344,338,109200
HDFC,EQ,28-Aug-20,1864.1,1871,1889,1862.8,4903981
HDFC,W3,28-Aug-20,339.55,340,347.8,335.3,78000
HDFC,EQ,31-Aug-20,1883.25,1898.5,1921.9,1797.55,7604691
HDFC,W3,31-Aug-20,345.3,352.75,352.75,320,76200
HDFC,EQ,01-Sep-20,1832.6,1858,1884,1831.85,3793458
HDFC,W3,01-Sep-20,331.7,338.95,339,322,37200
HDFC,EQ,02-Sep-20,1851.2,1849.85,1849.95,1810,4235148
HDFC,W3,02-Sep-20,336.55,322,335.05,322,48600
HDFC,EQ,03-Sep-20,1827.2,1831,1842.8,1803.45,3350617
HDFC,W3,03-Sep-20,334.7,336,336,330.2,24600
HDFC,EQ,04-Sep-20,1808.75,1783.6,1789,1761.8,4214148
HDFC,W3,04-Sep-20,330.35,328.5,332,325,41400
HDFC,EQ,07-Sep-20,1769.7,1773,1801.45,1760,4073465
HDFC,W3,07-Sep-20,328,330,330.45,327,17400
HDFC,EQ,08-Sep-20,1791.1,1785.1,1793.25,1770.8,2456321
HDFC,W3,08-Sep-20,327.85,329.85,329.95,326.25,4800
HDFC,EQ,09-Sep-20,1777.3,1759.55,1777.9,1755,2509630
HDFC,W3,09-Sep-20,326.25,322.15,325.95,320,28200
HDFC,EQ,10-Sep-20,1760.75,1781,1792.95,1760,3245630
HDFC,W3,10-Sep-20,324.95,321.05,324,321,46800
HDFC,EQ,11-Sep-20,1777.45,1771,1786,1760,2232185
HDFC,W3,11-Sep-20,322.7,322.05,322.05,315.25,39600
HDFC,EQ,14-Sep-20,1768.15,1781,1796.85,1728.4,4061493
HDFC,W3,14-Sep-20,318,318,320,310.1,31800
HDFC,EQ,15-Sep-20,1738,1754.9,1777,1742.8,3159537
HDFC,W3,15-Sep-20,313.15,315.05,315.05,311.55,15000
HDFC,EQ,16-Sep-20,1758.75,1766,1774.7,1743.45,2592551
HDFC,W3,16-Sep-20,315,320,324,315.1,55200
HDFC,EQ,17-Sep-20,1768.15,1750,1773.2,1736.5,3191905
HDFC,W3,17-Sep-20,318.8,319.95,320.1,318.05,166200
HDFC,EQ,18-Sep-20,1744.35,1752.9,1754.75,1708.3,5642506
HDFC,W3,18-Sep-20,318.05,317.25,318.45,312,12000
HDFC,EQ,21-Sep-20,1724,1722.8,1738.75,1701.85,3174505
HDFC,W3,21-Sep-20,314.95,315,317.95,310,9600
HDFC,EQ,22-Sep-20,1708.15,1716.25,1716.25,1672,3615745
HDFC,W3,22-Sep-20,310,301.1,305,297.1,97200
HDFC,EQ,23-Sep-20,1674.85,1694,1696.65,1650.4,4803637
HDFC,W3,23-Sep-20,300,298,301,297,16800
HDFC,EQ,24-Sep-20,1667.1,1646.8,1654.15,1623,5673754
HDFC,W3,24-Sep-20,298.2,299.95,300,295.7,7200
HDFC,EQ,25-Sep-20,1636.85,1651.95,1657.8,1628.1,4046773
HDFC,W3,25-Sep-20,300,299.95,300,296.15,7800
HDFC,EQ,28-Sep-20,1652,1672.9,1692.6,1658,2739071
HDFC,W3,28-Sep-20,300,300,300,298,38400
HDFC,EQ,29-Sep-20,1681.45,1692,1720,1682.1,3696138
HDFC,W3,29-Sep-20,300,300,300.5,299,26400
HDFC,EQ,30-Sep-20,1713.1,1716.9,1744.25,1703.2,3594715
HDFC,W3,30-Sep-20,299,295,299.95,295,12600
HDFC,EQ,01-Oct-20,1740.05,1755,1799.85,1750,3706206
HDFC,W3,01-Oct-20,298.5,300,300,298.1,51000
HDFC,EQ,05-Oct-20,1790.65,1784,1816.5,1775.7,4056801
HDFC,W3,05-Oct-20,299.55,304.95,305,300,55200
HDFC,EQ,06-Oct-20,1785.1,1803.15,1943.7,1803.15,16829628
HDFC,W3,06-Oct-20,304.95,314.95,321.7,309,256800
HDFC,EQ,07-Oct-20,1934.4,1945,1964.85,1908.85,7038044
HDFC,W3,07-Oct-20,319.95,319.7,320,317,39600
HDFC,EQ,08-Oct-20,1948.75,1952.5,1988.45,1938.5,4589506
HDFC,W3,08-Oct-20,318.85,319.95,329.95,319,136200
HDFC,EQ,09-Oct-20,1949.25,1945,2029.85,1938,10848230
HDFC,W3,09-Oct-20,321.7,326.7,346.7,322.5,216600
HDFC,EQ,12-Oct-20,1957.65,1965,1998.95,1942.3,3651557
HDFC,W3,12-Oct-20,330.25,337.85,337.85,330,79200
HDFC,EQ,13-Oct-20,1965.4,1962,1986.65,1930.55,3351027
HDFC,W3,13-Oct-20,333.15,331.05,331.05,325,134400
HDFC,EQ,14-Oct-20,1943.4,1935,1989,1919.05,3108218
HDFC,W3,14-Oct-20,325,321.1,330,321,30000
HDFC,EQ,15-Oct-20,1979.85,1983,2020,1938.25,5170267
HDFC,W3,15-Oct-20,329.95,330,342.2,319,85200
HDFC,EQ,16-Oct-20,1947.2,1948.4,1983.7,1939.35,3238617
HDFC,W3,16-Oct-20,320,320.05,326,320.05,2400
HDFC,EQ,19-Oct-20,1961.7,1985,2039.9,1983.1,6591617
HDFC,W3,19-Oct-20,326,333.85,333.85,330,124200
HDFC,EQ,20-Oct-20,2031.5,2025,2041.7,2004.05,4733065
HDFC,W3,20-Oct-20,332.35,330.9,333,326,114600
HDFC,EQ,21-Oct-20,2015.3,2030,2067.45,2005.35,8166501
HDFC,W3,21-Oct-20,329.55,333,349,333,96600
HDFC,EQ,22-Oct-20,2048.75,2038.3,2063,2023.15,5030745
HDFC,W3,22-Oct-20,344.4,344.75,349.9,343,117600
HDFC,EQ,23-Oct-20,2042.55,2056,2067.9,2046,3573911
HDFC,W3,23-Oct-20,345,349.5,371,349.5,126000
HDFC,EQ,26-Oct-20,2059.7,2058,2083.95,2052.75,4927520
HDFC,W3,26-Oct-20,365,375,378.9,363,220200
HDFC,EQ,27-Oct-20,2073.35,2056,2064.8,2027,4468948
HDFC,W3,27-Oct-20,370,363,371,361,40200
HDFC,EQ,28-Oct-20,2041.35,2045,2045,1965,4636738
HDFC,W3,28-Oct-20,368.15,362,362,348.05,142200
HDFC,EQ,29-Oct-20,1968.9,1941.25,1970,1927.3,3463664
HDFC,W3,29-Oct-20,348.55,346.9,352,346.5,66000
HDFC,EQ,30-Oct-20,1934.3,1930,1947,1906.85,4322115
HDFC,W3,30-Oct-20,351.25,347,350,346,87600
HDFC,EQ,02-Nov-20,1923.55,1916,2065,1916,7635981
HDFC,W3,02-Nov-20,350,348.55,385,347,116400
HDFC,EQ,03-Nov-20,2040.8,2030,2139.65,2030,8905106
HDFC,W3,03-Nov-20,377.45,384,415.15,382,65400
HDFC,EQ,04-Nov-20,2130.95,2111.1,2134.95,2056.4,5214238
HDFC,W3,04-Nov-20,415.15,415,450,412.55,79200
HDFC,EQ,05-Nov-20,2088.2,2106,2120,2084.3,4117187
HDFC,W3,05-Nov-20,442.6,440,452.9,434.05,21600
HDFC,EQ,06-Nov-20,2100.7,2110,2145,2102.45,4607710
HDFC,W3,06-Nov-20,435,446.9,458,445.15,22200
HDFC,EQ,09-Nov-20,2138.45,2150,2169.95,2138.2,3529739
HDFC,W3,09-Nov-20,445.15,459.95,489.65,459.9,65400
HDFC,EQ,10-Nov-20,2152.1,2185,2288.8,2175.55,8512622
HDFC,W3,10-Nov-20,479,509.7,526.9,506,81600
HDFC,EQ,11-Nov-20,2272.1,2279,2337,2273,7235313
HDFC,W3,11-Nov-20,526.9,570,576.9,528.5,102600
HDFC,EQ,12-Nov-20,2324.3,2297.25,2343.8,2267.45,6398213
HDFC,W3,12-Nov-20,558.15,535,559.9,527,39600
HDFC,EQ,13-Nov-20,2332.1,2320,2323.3,2284,3999928
HDFC,W3,13-Nov-20,552.55,540,540,527,57000
HDFC,EQ,14-Nov-20,2306.75,2320,2329.35,2304,374286
HDFC,W3,14-Nov-20,528.65,537.95,540,535,5400
HDFC,EQ,17-Nov-20,2311.25,2339.9,2364.75,2307.4,7393052
HDFC,W3,17-Nov-20,538.65,545,558.25,530,10800
HDFC,EQ,18-Nov-20,2349,2336.7,2369.4,2320.3,4344487
HDFC,W3,18-Nov-20,555.3,540.05,570,540.05,16200
HDFC,EQ,19-Nov-20,2364.9,2336,2351.9,2311,6936896
HDFC,W3,19-Nov-20,570,541.05,555,541.05,15000
HDFC,EQ,20-Nov-20,2324.6,2330,2386.55,2326.55,5321688
HDFC,W3,20-Nov-20,548.1,540,575,540,9600
HDFC,EQ,23-Nov-20,2334.8,2344.2,2347.85,2230.1,6995598
HDFC,W3,23-Nov-20,552.7,540.05,540.05,498.5,63000
HDFC,EQ,24-Nov-20,2250.8,2272.25,2272.25,2209.55,4945274
HDFC,W3,24-Nov-20,505.8,509.4,518.8,500,21600
HDFC,EQ,25-Nov-20,2217.7,2228,2252.15,2179.3,6150483
HDFC,W3,25-Nov-20,501.1,502,529,497.15,48600
HDFC,EQ,26-Nov-20,2191.35,2197.15,2245,2187.65,5026304
HDFC,W3,26-Nov-20,518.75,525.9,525.9,515.1,13200
HDFC,EQ,27-Nov-20,2238.4,2240,2272.45,2202.2,10179511
HDFC,W3,27-Nov-20,525,525,545,521,21600
HDFC,EQ,01-Dec-20,2256.25,2237,2324,2217.65,7031670
HDFC,W3,01-Dec-20,542.1,550,578,541.05,27600
HDFC,EQ,02-Dec-20,2306.95,2300,2304,2252.5,3191550
HDFC,W3,02-Dec-20,575.3,571,571,549,30000
HDFC,EQ,03-Dec-20,2276.35,2287,2289.45,2235,4528707
HDFC,W3,03-Dec-20,549,559,559,539,13800
HDFC,EQ,04-Dec-20,2253.95,2253.95,2284.9,2231.6,3245440
HDFC,W3,04-Dec-20,542.7,550,560,540,15600
HDFC,EQ,07-Dec-20,2245.9,2240,2309.7,2221.2,4910736
HDFC,W3,07-Dec-20,545.35,550,577.9,550,33000
HDFC,EQ,08-Dec-20,2303.8,2315,2340,2292.05,5262959
HDFC,W3,08-Dec-20,571.8,588,588,562.55,18600
HDFC,EQ,09-Dec-20,2309.75,2318,2334.65,2280.6,3302661
HDFC,W3,09-Dec-20,569.5,576,576,530.55,93000
HDFC,EQ,10-Dec-20,2306.7,2300,2303,2267,2545081
HDFC,W3,10-Dec-20,547.3,537.2,550,535,46200
HDFC,EQ,11-Dec-20,2289.1,2307,2317.7,2272,4577813
HDFC,W3,11-Dec-20,543.85,550,550,539,25200
HDFC,EQ,14-Dec-20,2295.9,2306.7,2315.65,2270.55,3160235
HDFC,W3,14-Dec-20,542.9,549.95,554,540,9000
HDFC,EQ,15-Dec-20,2302.65,2290.5,2357.4,2282.7,5056502
HDFC,W3,15-Dec-20,547.2,546.5,586,540,21000
HDFC,EQ,16-Dec-20,2350.35,2377.95,2443.4,2365.5,6532346
HDFC,W3,16-Dec-20,580.9,590,628,590,104400
HDFC,EQ,17-Dec-20,2424.65,2434.9,2509,2420.15,7379515
HDFC,W3,17-Dec-20,623.2,634,680,634,85200
HDFC,EQ,18-Dec-20,2494.6,2482,2489,2431,4189517
HDFC,W3,18-Dec-20,667.7,644,670,636,13800
HDFC,EQ,21-Dec-20,2479.4,2468,2478.95,2370.45,3573982
HDFC,W3,21-Dec-20,667,666,675,601,43800
HDFC,EQ,22-Dec-20,2414.8,2415,2439.9,2360.5,4832004
HDFC,W3,22-Dec-20,612.25,608,650,606,68400
HDFC,EQ,23-Dec-20,2403.65,2398,2419.65,2376.75,2605828
HDFC,W3,23-Dec-20,646.55,639,645,633,13200
HDFC,EQ,24-Dec-20,2403.05,2417,2464.65,2411.05,2723426
HDFC,W3,24-Dec-20,642.5,673.9,685,657,14400
HDFC,EQ,28-Dec-20,2455.15,2467,2485,2436.6,2085391
HDFC,W3,28-Dec-20,667.85,695,695,669,6000
HDFC,EQ,29-Dec-20,2476.45,2480,2530,2480,4490464
HDFC,W3,29-Dec-20,681,700,730,700,37800
HDFC,EQ,30-Dec-20,2518.95,2518.95,2525,2483,2902423
HDFC,W3,30-Dec-20,716.8,715,715,698,11400
HDFC,EQ,31-Dec-20,2518.05,2518.7,2575,2504.4,4956399
HDFC,W3,31-Dec-20,714.95,720,770,720,37800
HDFC,EQ,01-Jan-21,2558.65,2549,2593.3,2541.15,2054108
HDFC,W3,01-Jan-21,752.6,759,775,747.1,30600
HDFC,EQ,04-Jan-21,2568.75,2576.9,2592.35,2533.15,2795972
HDFC,W3,04-Jan-21,757.7,760,763.6,740,18600
HDFC,EQ,05-Jan-21,2578.5,2589,2659.45,2572.4,5870743
HDFC,W3,05-Jan-21,758.05,761.15,812,761.15,109200
HDFC,EQ,06-Jan-21,2651.85,2664.7,2665,2619,3401085
HDFC,W3,06-Jan-21,798.7,800,815,783,58800
HDFC,EQ,07-Jan-21,2638.85,2670,2709.35,2647.4,4106042
HDFC,W3,07-Jan-21,789.1,817.45,830,813.95,226200
HDFC,EQ,08-Jan-21,2661.35,2668,2674.4,2631,4497042
HDFC,W3,08-Jan-21,826.9,824,825,800,31200
HDFC,EQ,11-Jan-21,2657.5,2680,2762,2666.75,5939812
HDFC,W3,11-Jan-21,815.9,830,863,830,105600
HDFC,EQ,12-Jan-21,2751.2,2738,2760,2719,3412213
HDFC,W3,12-Jan-21,855.25,825.25,850,825.25,21600
HDFC,EQ,13-Jan-21,2747.55,2760.45,2777.15,2651.1,5582165
HDFC,W3,13-Jan-21,845.65,854.5,860,780,27000
HDFC,EQ,14-Jan-21,2670.9,2670,2699,2647.15,4253567
HDFC,W3,14-Jan-21,793,785,800,773,35400
HDFC,EQ,15-Jan-21,2684.05,2661,2688.45,2615.6,2582955
HDFC,W3,15-Jan-21,794.45,781.25,781.25,750,9600
HDFC,EQ,18-Jan-21,2632.75,2645.95,2647.4,2550,5154593
HDFC,W3,18-Jan-21,765,747,747,700,60000
HDFC,EQ,19-Jan-21,2566.5,2585,2680.8,2575,3569359
HDFC,W3,19-Jan-21,714.5,749,785.95,736,39600
HDFC,EQ,20-Jan-21,2656.95,2666,2711.9,2622.6,5771114
HDFC,W3,20-Jan-21,773.4,753.35,788,750,63000
HDFC,EQ,21-Jan-21,2688.15,2687.95,2698,2641.25,3200138
HDFC,W3,21-Jan-21,773,781.75,795,755.1,39600
HDFC,EQ,22-Jan-21,2663,2669,2678.75,2583.05,5013872
HDFC,W3,22-Jan-21,764.7,740,767.45,717.1,40200
HDFC,EQ,25-Jan-21,2589.45,2630.45,2670,2543,7761405
HDFC,W3,25-Jan-21,721.5,780,784.55,676,43200
HDFC,EQ,27-Jan-21,2551.4,2546.3,2546.3,2458.25,4858346
HDFC,W3,27-Jan-21,690.65,661.1,680,645,94200
HDFC,EQ,28-Jan-21,2467,2430.1,2454,2395.25,5282970
HDFC,W3,28-Jan-21,668,622.25,674,622.25,70800
HDFC,EQ,29-Jan-21,2425.75,2450,2460,2364.6,7347695
HDFC,W3,29-Jan-21,660.9,675,690,658.5,31200
HDFC,EQ,01-Feb-21,2377.8,2402.7,2602.1,2391.85,7106502
HDFC,W3,01-Feb-21,664.8,686,731.25,675.3,113400
HDFC,EQ,02-Feb-21,2579.25,2625,2762.95,2612,9253486
HDFC,W3,02-Feb-21,731.25,780,804.35,750,163800
HDFC,EQ,03-Feb-21,2659,2695,2734.5,2618,4782433
HDFC,W3,03-Feb-21,762,755.05,825,748,141600
HDFC,EQ,04-Feb-21,2703.55,2740.4,2742,2659,4108174
HDFC,W3,04-Feb-21,803.15,799.9,815,777,47400
HDFC,EQ,05-Feb-21,2707.75,2724.5,2767.8,2696.2,4575345
HDFC,W3,05-Feb-21,809,863.8,864.8,828,82200
HDFC,EQ,08-Feb-21,2721.5,2765,2765,2711.1,3807824
HDFC,W3,08-Feb-21,858.9,866,895,861,61800
HDFC,EQ,09-Feb-21,2733.35,2760,2784,2710.45,5586584
HDFC,W3,09-Feb-21,876.5,885,909.9,870,114600
HDFC,EQ,10-Feb-21,2747.05,2745.95,2780,2739.2,5602915
HDFC,W3,10-Feb-21,881.2,867.65,900,867.65,73800
HDFC,EQ,11-Feb-21,2767.1,2744.1,2767.6,2737.45,1935639
HDFC,W3,11-Feb-21,879.85,865,880,865,34800
HDFC,EQ,12-Feb-21,2760.6,2746,2809,2735.6,2921180
HDFC,W3,12-Feb-21,880,875.1,915,870,28200
HDFC,EQ,15-Feb-21,2791.5,2819,2868,2805,2847445
HDFC,W3,15-Feb-21,894.75,935,948.9,923.2,97200
HDFC,EQ,16-Feb-21,2860.45,2871,2896,2838,2295100
HDFC,W3,16-Feb-21,931.05,964.95,965,920,57000
HDFC,EQ,17-Feb-21,2858.65,2850.25,2856.6,2787.85,2874649
HDFC,W3,17-Feb-21,930,900,920,885,67200
HDFC,EQ,18-Feb-21,2805.35,2800,2806,2730.1,2937262
HDFC,W3,18-Feb-21,893.1,873,875.1,836.9,36000
HDFC,EQ,19-Feb-21,2745.15,2725,2765,2714.15,2275146
HDFC,W3,19-Feb-21,845.2,829.5,874,816,33000
HDFC,EQ,22-Feb-21,2741.3,2741.3,2741.3,2638.15,4090709
HDFC,W3,22-Feb-21,841.2,824,829,800.1,99000
HDFC,EQ,23-Feb-21,2651.95,2670.35,2677.9,2621,3022925
HDFC,W3,23-Feb-21,823.15,825,838,810,43800
HDFC,EQ,24-Feb-21,2628.6,2610.1,2723,2610.1,2950645
HDFC,W3,24-Feb-21,826.2,838.9,883,833.5,12000
HDFC,EQ,25-Feb-21,2707.75,2718.5,2739,2677,4758112
HDFC,W3,25-Feb-21,876,875,878,865,12000
HDFC,EQ,26-Feb-21,2684.7,2631.05,2631.05,2520,8771431
HDFC,W3,26-Feb-21,865.9,825,837,800,103800
HDFC,EQ,01-Mar-21,2539.4,2556,2614.6,2548.6,3595993
HDFC,W3,01-Mar-21,806.2,844,848,826,10800
HDFC,EQ,02-Mar-21,2606,2615,2615,2541.4,4086134
HDFC,W3,02-Mar-21,840,850,850,817,19200
HDFC,EQ,03-Mar-21,2564,2608.9,2664.15,2592.15,5640063
HDFC,W3,03-Mar-21,833.6,850,865,845,28200
HDFC,EQ,04-Mar-21,2654.9,2610,2610,2568,5315682
HDFC,W3,04-Mar-21,857.15,802.25,830,802.25,36600
HDFC,EQ,05-Mar-21,2582.95,2573.6,2579.9,2523.5,4254126
HDFC,W3,05-Mar-21,826,813.8,826,795,52800
HDFC,EQ,08-Mar-21,2543.9,2555.05,2560,2505.4,2179821
HDFC,W3,08-Mar-21,805.1,811,822.5,797,27000
HDFC,EQ,09-Mar-21,2510.25,2513.1,2584.4,2513.1,2877662
HDFC,W3,09-Mar-21,801.65,815.05,850,815.05,27000
HDFC,EQ,10-Mar-21,2577.3,2590.4,2609.4,2580.6,2569360
HDFC,W3,10-Mar-21,847.7,861.85,865,835,13800
HDFC,EQ,12-Mar-21,2599.8,2662,2667.95,2556.35,3487185
HDFC,W3,12-Mar-21,840,874,874,813.5,20400
HDFC,EQ,15-Mar-21,2568,2565,2568,2496.05,2905477
HDFC,W3,15-Mar-21,824.65,801.1,830,785,76800
HDFC,EQ,16-Mar-21,2535.5,2556.5,2562.65,2503,2446483
HDFC,W3,16-Mar-21,828,819,820,810,15600
HDFC,EQ,17-Mar-21,2510.4,2509.1,2542,2502.75,3362442
HDFC,W3,17-Mar-21,812.5,817.9,819.45,792.25,34800
HDFC,EQ,18-Mar-21,2515.55,2549,2561.45,2501,3460891
HDFC,W3,18-Mar-21,798.3,795,814,770,57600
HDFC,EQ,19-Mar-21,2514.6,2486,2567,2481.7,5277763
HDFC,W3,19-Mar-21,781.45,765,797.95,760,49200
HDFC,EQ,22-Mar-21,2531.65,2530.1,2547.35,2485,3367784
HDFC,W3,22-Mar-21,782.45,780,780,766,19800
HDFC,EQ,23-Mar-21,2531.85,2531,2541.35,2492.1,3980896
HDFC,W3,23-Mar-21,775,783.25,788,750,123600
HDFC,EQ,24-Mar-21,2509.9,2484.85,2503.5,2446.7,3165420
HDFC,W3,24-Mar-21,765.3,760,771.7,737,42600
HDFC,EQ,25-Mar-21,2465.75,2488,2491.6,2431.1,4759214
HDFC,W3,25-Mar-21,745.6,735.1,790,729.75,40800
HDFC,EQ,26-Mar-21,2470.75,2506.75,2548,2491.2,3272534
HDFC,W3,26-Mar-21,784,794,795,769,62400
HDFC,EQ,30-Mar-21,2532.75,2569.3,2617,2555.25,4349089
HDFC,W3,30-Mar-21,781.55,807.3,807.3,780,122400
HDFC,EQ,31-Mar-21,2605.65,2599.6,2599.6,2490,5492619
HDFC,W3,31-Mar-21,789.4,774.9,774.9,730,156000
HDFC,EQ,01-Apr-21,2498.1,2524,2536.95,2480,2621437
HDFC,W3,01-Apr-21,744,759.9,770,738.5,30600
HDFC,EQ,05-Apr-21,2531.45,2530,2531,2413,3353567
HDFC,W3,05-Apr-21,770,746,754.9,722.1,33600
HDFC,EQ,06-Apr-21,2445.85,2470.3,2486.85,2435.35,2882606
HDFC,W3,06-Apr-21,740.2,736,769,736,48000
HDFC,EQ,07-Apr-21,2472.3,2489,2507.8,2457,3511527
HDFC,W3,07-Apr-21,754.05,755.05,788.9,755.05,26400
HDFC,EQ,08-Apr-21,2482.7,2495,2530.9,2485.75,2510746
HDFC,W3,08-Apr-21,771.2,775,791.95,761,10800
HDFC,EQ,09-Apr-21,2502.55,2522,2556,2492.3,3234017
HDFC,W3,09-Apr-21,761.25,760,784.9,753,14400
HDFC,EQ,12-Apr-21,2513.9,2450,2454.45,2405,3772771
HDFC,W3,12-Apr-21,760.55,721.05,735,693,53400
HDFC,EQ,13-Apr-21,2419.85,2422.4,2523.1,2412.25,3832030
HDFC,W3,13-Apr-21,701.55,725,765,725,24600
HDFC,EQ,15-Apr-21,2512.95,2540,2555,2493,4201633
HDFC,W3,15-Apr-21,764.05,774,788.5,740.25,18600
HDFC,EQ,16-Apr-21,2547.15,2550,2589.8,2546.85,3133311
HDFC,W3,16-Apr-21,783.45,790,805,785,8400
HDFC,EQ,19-Apr-21,2574.05,2474,2510,2452,3550890
HDFC,W3,19-Apr-21,785,740,754.5,725,18000
HDFC,EQ,20-Apr-21,2492.35,2542.15,2544,2406.2,7365765
HDFC,W3,20-Apr-21,754.5,750,752.9,730,15600
HDFC,EQ,22-Apr-21,2415.9,2400,2485,2373,4514740
HDFC,W3,22-Apr-21,733.35,742,769,732.1,6000
HDFC,EQ,23-Apr-21,2479.7,2455.05,2504.15,2437.5,3143779
HDFC,W3,23-Apr-21,769,762.9,769.8,743.4,25800
HDFC,EQ,26-Apr-21,2497.35,2500,2534.1,2483.2,3916088
HDFC,W3,26-Apr-21,765,780,780,762.55,20400
HDFC,EQ,27-Apr-21,2509.8,2494.15,2526.8,2486.25,2040799
HDFC,W3,27-Apr-21,767.95,766,773,760,25800
HDFC,EQ,28-Apr-21,2518.4,2516.1,2609,2508.3,3407461
HDFC,W3,28-Apr-21,763.75,778,798,770.05,56400
HDFC,EQ,29-Apr-21,2577,2590.9,2628,2533,3005468
HDFC,W3,29-Apr-21,778.5,819.95,819.95,767,24000
HDFC,EQ,30-Apr-21,2538.85,2503.1,2525,2411.1,6024595
HDFC,W3,30-Apr-21,769.1,740,750,726,59400
HDFC,EQ,03-May-21,2420.1,2365,2432.95,2365,2984938
HDFC,W3,03-May-21,736.1,715,745,706.1,28200
HDFC,EQ,04-May-21,2418.5,2420,2435,2373.6,3135834
HDFC,W3,04-May-21,744.25,726.25,732.5,710,17400
HDFC,EQ,05-May-21,2377.2,2392,2403,2354,3458463
HDFC,W3,05-May-21,721.5,725,727,715.15,25800
HDFC,EQ,06-May-21,2377.6,2397.3,2435,2382,2401866
HDFC,W3,06-May-21,724.2,730,734.9,725,12600
HDFC,EQ,07-May-21,2430.1,2454.7,2507.3,2438.4,4829852
HDFC,W3,07-May-21,734,740,760,732.05,28800
HDFC,EQ,10-May-21,2496.75,2515.1,2563.7,2515.1,4289915
HDFC,W3,10-May-21,757.1,789.8,790.05,766.1,100800
HDFC,EQ,11-May-21,2531.35,2489.35,2502,2447.6,3728419
HDFC,W3,11-May-21,786.3,745,770,745,49200
HDFC,EQ,12-May-21,2464.2,2448,2448,2407.5,3168128
HDFC,W3,12-May-21,765.75,746.1,769.95,740.6,34200
HDFC,EQ,14-May-21,2438.7,2438.7,2443.95,2402.1,2254726
HDFC,W3,14-May-21,767.8,757.5,766,742,49800
HDFC,EQ,17-May-21,2422,2454,2495,2435.5,4452603
HDFC,W3,17-May-21,745,756.1,761,745,60600
HDFC,EQ,18-May-21,2486.45,2508,2527,2486.95,2844233
HDFC,W3,18-May-21,745.9,778,778,760,40200
HDFC,EQ,19-May-21,2502.85,2498,2517,2453.75,2031903
HDFC,W3,19-May-21,765,765.25,773,746,16200
HDFC,EQ,20-May-21,2459.85,2467,2488,2440.1,2551577
HDFC,W3,20-May-21,746,746.05,754.75,743,14400
HDFC,EQ,21-May-21,2445,2472,2525.95,2457.15,2711607
HDFC,W3,21-May-21,747,757,767.05,752,28800
HDFC,EQ,24-May-21,2518.05,2515,2558.8,2515,2655396
HDFC,W3,24-May-21,765.3,774,788,766.55,24000
HDFC,EQ,25-May-21,2540.9,2562,2570.4,2523.5,2641950
HDFC,W3,25-May-21,783.3,785.1,785.1,775,15000
HDFC,EQ,26-May-21,2530.5,2547,2575,2530.5,1839397
HDFC,W3,26-May-21,775,777.85,789.95,777.85,11400
HDFC,EQ,27-May-21,2567.55,2580.35,2580.35,2488.05,14119786
HDFC,W3,27-May-21,784.65,789.5,789.5,751.55,24600
HDFC,EQ,28-May-21,2508.85,2514.65,2549.85,2511,2548032
HDFC,W3,28-May-21,768.4,780,784.75,770.15,6600
HDFC,EQ,31-May-21,2541.35,2527.55,2564.8,2502,3221015
HDFC,W3,31-May-21,776,780,809.95,765.1,24600
HDFC,EQ,01-Jun-21,2552.85,2567,2610,2560.5,3900226
HDFC,W3,01-Jun-21,802,822,827.9,800.1,25200
HDFC,EQ,02-Jun-21,2580.75,2570.75,2581.85,2531.1,3551619
HDFC,W3,02-Jun-21,810.65,798.9,799.9,785.05,8400
HDFC,EQ,03-Jun-21,2562.15,2568,2603,2556.45,3636647
HDFC,W3,03-Jun-21,798.7,818,826.45,800.05,15600
HDFC,EQ,04-Jun-21,2584,2588,2626,2584.05,3593742
HDFC,W3,04-Jun-21,807.7,818,830,815,57000
HDFC,EQ,07-Jun-21,2619.05,2635,2635.4,2582,2222082
HDFC,W3,07-Jun-21,819.35,801,805,800.1,5400
HDFC,EQ,08-Jun-21,2585.75,2586,2589.9,2550,3046814
HDFC,W3,08-Jun-21,800.1,790.1,790.1,782.05,10200
HDFC,EQ,09-Jun-21,2554.5,2558,2579.25,2539.75,2784864
HDFC,W3,09-Jun-21,782.05,794.95,797,780.05,9000
HDFC,EQ,10-Jun-21,2544.75,2554.75,2567.85,2535,2116122
HDFC,W3,10-Jun-21,780.1,775,778,762,29400
HDFC,EQ,11-Jun-21,2561.9,2575,2594.3,2555,2340867
HDFC,W3,11-Jun-21,770.55,787,792,777.05,8400
HDFC,EQ,14-Jun-21,2559.8,2559.8,2559.8,2512.65,2125197
HDFC,W3,14-Jun-21,777.05,765,769.95,751.15,34800
HDFC,EQ,15-Jun-21,2539.2,2559.8,2559.8,2535.2,1589974
HDFC,W3,15-Jun-21,765,776.75,776.75,762,7200
HDFC,EQ,16-Jun-21,2545.1,2535,2545,2515.7,2290999
HDFC,W3,16-Jun-21,765,763,767.95,741,30000
HDFC,EQ,17-Jun-21,2521.45,2482.2,2506.95,2482.2,2657850
HDFC,W3,17-Jun-21,743.9,735.9,742.9,710,45600
HDFC,EQ,18-Jun-21,2487.3,2511,2511,2453.05,3082747
HDFC,W3,18-Jun-21,716.55,717.25,734.95,701,35400
HDFC,EQ,21-Jun-21,2488.1,2459,2524.2,2451,1891651
HDFC,W3,21-Jun-21,729.35,720,746,720,12000
HDFC,EQ,22-Jun-21,2516.4,2546.8,2546.8,2514.7,2604542
HDFC,W3,22-Jun-21,742.65,749,755.9,719.9,67800
HDFC,EQ,23-Jun-21,2522.9,2537,2537,2493,2179551
HDFC,W3,23-Jun-21,723.1,749.8,749.8,700,105000
HDFC,EQ,24-Jun-21,2497.2,2514.9,2515,2485,3257706
HDFC,W3,24-Jun-21,711.55,719,719,703.1,24000
HDFC,EQ,25-Jun-21,2487.4,2511,2515,2482,1871813
HDFC,W3,25-Jun-21,708.95,722,737.8,706.05,16800
HDFC,EQ,28-Jun-21,2509.2,2515,2523.1,2491.2,2140346
HDFC,W3,28-Jun-21,735.05,729.9,745,718,15600
HDFC,EQ,29-Jun-21,2494.95,2510,2510,2476.9,2671608
HDFC,W3,29-Jun-21,721.2,737,737,710,48000
HDFC,EQ,30-Jun-21,2501.2,2503.15,2515,2472.2,2798047
HDFC,W3,30-Jun-21,728,735,735,710.1,7800
HDFC,EQ,01-Jul-21,2475.25,2480,2491.35,2456,2189447
HDFC,W3,01-Jul-21,711.35,710,712,702,42000
HDFC,EQ,02-Jul-21,2459.4,2463,2480,2445,1951251
HDFC,W3,02-Jul-21,705,703.4,708.9,695.1,90000
HDFC,EQ,05-Jul-21,2475.7,2489.3,2496.8,2471.2,1234739
HDFC,W3,05-Jul-21,702.8,705,705,695,49800
HDFC,EQ,06-Jul-21,2494.9,2492.6,2518.9,2490.2,1428812
HDFC,W3,06-Jul-21,699.25,701,715,700,36600
HDFC,EQ,07-Jul-21,2496.4,2503.85,2545.8,2495.2,2542003
HDFC,W3,07-Jul-21,703.15,709,730.05,706,38400
HDFC,EQ,08-Jul-21,2529.2,2535,2543.85,2508,2683729
HDFC,W3,08-Jul-21,720.9,715,720,698,34800
HDFC,EQ,09-Jul-21,2512.05,2504.1,2509,2484.85,1348273
HDFC,W3,09-Jul-21,700.35,695,712,693,15600
HDFC,EQ,12-Jul-21,2496.45,2503,2511,2452.2,6818026
HDFC,W3,12-Jul-21,696.8,700,704.8,683.25,28200
HDFC,EQ,13-Jul-21,2476.95,2496,2549.95,2487.75,3716936
HDFC,W3,13-Jul-21,693.9,709,730.05,704.1,36600
HDFC,EQ,14-Jul-21,2544.9,2544,2544.9,2516,2725020
HDFC,W3,14-Jul-21,729,720,744,720,53400
HDFC,EQ,15-Jul-21,2531.1,2539,2555,2516,3272479
HDFC,W3,15-Jul-21,740.05,725.2,751.9,725.2,42000
HDFC,EQ,16-Jul-21,2540.1,2548,2558,2531.5,1568532
HDFC,W3,16-Jul-21,732.65,745,745.05,727,7200
HDFC,EQ,19-Jul-21,2536.9,2488,2497.7,2470.9,2262325
HDFC,W3,19-Jul-21,727.65,700.05,708.9,695.25,55800
HDFC,BL,20-Jul-21,1814.2,2481.65,2481.65,2481.65,172808
HDFC,EQ,20-Jul-21,2481.65,2470,2480.5,2450,1731830
HDFC,W3,20-Jul-21,698,691.15,697,690,26400
HDFC,EQ,22-Jul-21,2458.75,2470.1,2493.05,2465.5,1792789
HDFC,W3,22-Jul-21,690.4,705.5,709.7,691,28800
HDFC,EQ,23-Jul-21,2490.3,2497.8,2501.6,2470,1275979
HDFC,W3,23-Jul-21,695.4,692,700,688,16800
HDFC,EQ,26-Jul-21,2482.5,2485,2485,2460,1462225
HDFC,W3,26-Jul-21,696.95,690,690,684.95,15000
HDFC,BL,27-Jul-21,2481.65,2464.3,2464.3,2464.3,165944
HDFC,EQ,27-Jul-21,2464.3,2470.9,2474,2430,2680260
HDFC,W3,27-Jul-21,684.95,685,689,675.1,34200
HDFC,EQ,28-Jul-21,2433.95,2417.1,2432.45,2380,3988878
HDFC,W3,28-Jul-21,675.9,655.1,673.8,652,41400
HDFC,EQ,29-Jul-21,2425.8,2424,2433.65,2405.1,3288676
HDFC,W3,29-Jul-21,665.15,666.95,685,662,31800
HDFC,EQ,30-Jul-21,2414.8,2417.95,2464.7,2414.8,4128459
HDFC,W3,30-Jul-21,680,686,690,676.3,14400
HDFC,EQ,02-Aug-21,2441.15,2466,2487,2425.1,5009133
HDFC,W3,02-Aug-21,680,690,705.05,670.2,52200
HDFC,EQ,03-Aug-21,2462.05,2515,2560,2476,5962929
HDFC,W3,03-Aug-21,681.5,695,748.7,690,196800
HDFC,EQ,04-Aug-21,2554.65,2573.3,2681,2565,9604932
HDFC,W3,04-Aug-21,744.05,781.8,815,745.5,148200
HDFC,EQ,05-Aug-21,2676.05,2680,2685,2644.3,4021021
HDFC,W3,05-Aug-21,808.85,803,810,799.95,16800
HDFC,EQ,06-Aug-21,2661.7,2657,2673,2621.4,2139764
HDFC,W3,06-Aug-21,803.95,795,801.95,781,7200
HDFC,EQ,09-Aug-21,2628.1,2632.05,2646.25,2599.9,1751767
HDFC,W3,09-Aug-21,781.65,782,783,757.5,27000
HDFC,EQ,10-Aug-21,2623.9,2634.7,2678.7,2626.85,4690741
HDFC,W3,10-Aug-21,772.45,775,805,775,39000
HDFC,EQ,11-Aug-21,2671.65,2675,2689.5,2633.75,1769627
HDFC,W3,11-Aug-21,792.55,797.95,810,762,49200
HDFC,EQ,12-Aug-21,2658.5,2656.6,2675.25,2646.6,1702479
HDFC,W3,12-Aug-21,770,784.7,784.7,770,8400
HDFC,EQ,13-Aug-21,2668.75,2662,2715,2662,3248615
HDFC,W3,13-Aug-21,777.8,790,811,790,36600
HDFC,EQ,16-Aug-21,2704.15,2696.8,2734.45,2693.8,2465887
HDFC,W3,16-Aug-21,804,816.95,817.5,807,37800
HDFC,EQ,17-Aug-21,2731.15,2729.95,2750,2707.15,2795510
HDFC,W3,17-Aug-21,811.4,807,819,801,48600
HDFC,EQ,18-Aug-21,2738.4,2750,2770.3,2698,2501410
HDFC,W3,18-Aug-21,812.35,824,825,800,46200
HDFC,EQ,20-Aug-21,2710.75,2700,2738.95,2698,3986473
HDFC,W3,20-Aug-21,802,790,810,790,8400
HDFC,EQ,23-Aug-21,2722.05,2745.5,2758.5,2710,1901700
HDFC,W3,23-Aug-21,795,812,812,781.1,33000
HDFC,EQ,24-Aug-21,2721.95,2726,2729.9,2683.95,2984595
HDFC,W3,24-Aug-21,786.2,771,776,767.1,16200
HDFC,EQ,25-Aug-21,2691.25,2707.8,2718.5,2696.25,1714777
HDFC,W3,25-Aug-21,774.5,790,790,790,600
HDFC,EQ,26-Aug-21,2699.25,2711.25,2720,2682.2,1855274
HDFC,W3,26-Aug-21,790,790,790,780,2400
HDFC,EQ,27-Aug-21,2700.35,2694.1,2724.65,2662.05,2761023
HDFC,W3,27-Aug-21,780,755,787,755,10200
HDFC,EQ,30-Aug-21,2718.2,2730.45,2764.9,2723.1,1731926
HDFC,W3,30-Aug-21,785.4,798.9,815,798.9,38400
HDFC,EQ,31-Aug-21,2755.7,2748,2812,2739.35,4933523
HDFC,W3,31-Aug-21,811.8,817,840,817,42000
HDFC,EQ,01-Sep-21,2798.5,2790,2796.95,2736.6,3084291
HDFC,W3,01-Sep-21,837.65,820.5,827.8,810,16200
HDFC,EQ,02-Sep-21,2747.75,2756.9,2785,2737.25,1734037
HDFC,W3,02-Sep-21,815,824.65,838,815,32400
HDFC,EQ,03-Sep-21,2777.7,2768.1,2784.15,2742.1,1914438
HDFC,W3,03-Sep-21,826,838,838,816,9600
HDFC,EQ,06-Sep-21,2758.6,2765,2777.7,2741.2,1729080
HDFC,W3,06-Sep-21,830.95,818,830.1,818,18600
HDFC,EQ,07-Sep-21,2765.3,2769.8,2853.65,2749.95,4072518
HDFC,W3,07-Sep-21,827,830.9,896.5,820,52800
HDFC,EQ,08-Sep-21,2837,2838.25,2852,2802.25,2274494
HDFC,W3,08-Sep-21,879.3,875.15,887,861,11400
HDFC,EQ,09-Sep-21,2829.3,2815.2,2853.85,2813.8,1986913
HDFC,W3,09-Sep-21,880.95,875,889,864.1,7200
HDFC,EQ,13-Sep-21,2830.1,2844,2875.85,2833.3,3283960
HDFC,W3,13-Sep-21,869.25,885,904,875,42600
HDFC,EQ,14-Sep-21,2849.8,2864.95,2869,2810,2238463
HDFC,W3,14-Sep-21,878.25,871.1,871.1,856,7800
HDFC,EQ,15-Sep-21,2818.05,2805.7,2843,2795,1924840
HDFC,W3,15-Sep-21,856,856.05,870,851,18600
HDFC,EQ,16-Sep-21,2815.45,2800,2823.9,2798.5,1831201
HDFC,W3,16-Sep-21,856,851,859,843,7200
HDFC,EQ,17-Sep-21,2812.35,2832.25,2851.95,2801.7,4447386
HDFC,W3,17-Sep-21,852.5,869.95,889.8,855,15600
HDFC,EQ,20-Sep-21,2825.65,2795.3,2808.65,2733,2057743
HDFC,W3,20-Sep-21,870.05,841,841,801.5,30000
HDFC,EQ,21-Sep-21,2742.5,2760,2780.7,2724.75,2119275
HDFC,W3,21-Sep-21,807.4,818,835,800,13800
HDFC,EQ,22-Sep-21,2774.35,2765,2773.95,2717.7,3054547
HDFC,W3,22-Sep-21,831.35,815,815,797,71400
HDFC,EQ,23-Sep-21,2734.7,2756.1,2828.5,2730,3720965
HDFC,W3,23-Sep-21,801.35,812,870,810.95,81000
HDFC,EQ,24-Sep-21,2817.4,2818.6,2850,2800,2433032
HDFC,W3,24-Sep-21,864.05,868,889.95,860,139200
HDFC,EQ,27-Sep-21,2839,2845.75,2869.4,2824.8,2684448
HDFC,W3,27-Sep-21,883.7,893.9,911.9,893.9,28800
HDFC,EQ,28-Sep-21,2839.8,2842,2850,2760.95,2645677
HDFC,W3,28-Sep-21,900,899.65,899.65,840,51000
HDFC,EQ,29-Sep-21,2804.95,2786.5,2792.95,2739.1,3333322
HDFC,W3,29-Sep-21,882.05,850,865,826,48000
HDFC,EQ,30-Sep-21,2746.45,2729.9,2785,2721.2,4186802
HDFC,W3,30-Sep-21,841.4,840,850,832.05,6600
HDFC,EQ,01-Oct-21,2754.3,2738.6,2752,2693.6,2462648
HDFC,W3,01-Oct-21,832.05,825,826,796,40200
HDFC,BL,04-Oct-21,2464.3,2711.65,2711.65,2711.65,1626963
HDFC,EQ,04-Oct-21,2711.65,2740.15,2770,2720.6,2170643
HDFC,W3,04-Oct-21,807,825,840.05,823.2,97800
HDFC,EQ,05-Oct-21,2725.2,2720,2754.95,2715.45,2125952
HDFC,W3,05-Oct-21,827.3,815.1,830,815.1,60600
HDFC,EQ,06-Oct-21,2741.45,2729,2795,2717,3585605
HDFC,W3,06-Oct-21,822.4,839.95,849,811.65,22200
HDFC,EQ,07-Oct-21,2750.95,2770.7,2774.95,2722.6,2247842
HDFC,W3,07-Oct-21,820.35,821.2,828.95,815,6600
HDFC,EQ,08-Oct-21,2727,2731,2745.6,2716,1719442
HDFC,W3,08-Oct-21,817.65,815.1,825,811,9600
HDFC,EQ,11-Oct-21,2720.65,2739,2769,2726.8,1773236
HDFC,W3,11-Oct-21,817.9,818,839,818,23400
HDFC,EQ,12-Oct-21,2749.25,2749.7,2767,2735,1405800
HDFC,W3,12-Oct-21,827.45,829.15,840.05,818,10800
HDFC,EQ,13-Oct-21,2755.1,2775,2775,2748.2,1513606
HDFC,W3,13-Oct-21,837.45,835.1,845,831,5400
HDFC,EQ,14-Oct-21,2765.6,2758.3,2815.55,2751.85,2737670
HDFC,W3,14-Oct-21,844,855,885,850,17400
HDFC,EQ,18-Oct-21,2808.75,2848,2848,2788.05,2609969
HDFC,W3,18-Oct-21,878.3,895,896,853.5,18000
HDFC,EQ,19-Oct-21,2811.5,2825,2827.95,2800,1994376
HDFC,W3,19-Oct-21,882.3,873,899,873,9600
HDFC,EQ,20-Oct-21,2822.9,2833,2839.85,2773.4,2106814
HDFC,W3,20-Oct-21,894,887,892.05,860,25800
HDFC,EQ,21-Oct-21,2795.1,2814,2857.4,2797.85,3747385
HDFC,W3,21-Oct-21,863.55,880,892,865.1,76800
HDFC,EQ,22-Oct-21,2844.1,2858.8,2938.35,2856,4364342
HDFC,W3,22-Oct-21,881.85,920,938.7,900,80400
HDFC,EQ,25-Oct-21,2903.95,2905,2919,2856.25,3463553
HDFC,W3,25-Oct-21,917.15,913,914,880,135600
HDFC,EQ,26-Oct-21,2896.15,2908,2934,2896,2430141
HDFC,W3,26-Oct-21,882.1,899.95,920,895,23400
HDFC,EQ,27-Oct-21,2911.65,2920.05,2948,2901.4,3136213
HDFC,W3,27-Oct-21,904.55,909.55,930.4,903.1,63600
HDFC,EQ,28-Oct-21,2915,2891,2924.3,2863.15,3302920
HDFC,W3,28-Oct-21,905.45,875.55,911.55,875,64200
HDFC,EQ,29-Oct-21,2900.8,2891,2893,2791.2,3830779
HDFC,W3,29-Oct-21,886.5,845.1,870,820.55,24600
HDFC,EQ,01-Nov-21,2844.7,2873,2947.9,2838.05,4951039
HDFC,W3,01-Nov-21,850,890,935,862.2,126600
HDFC,EQ,02-Nov-21,2887.95,2887.9,2917.25,2865.65,4355642
HDFC,W3,02-Nov-21,898.8,890,911.5,883,85200
HDFC,EQ,03-Nov-21,2900.05,2908,2932.9,2872,3731077
HDFC,W3,03-Nov-21,901.65,921.25,940,886,40800
HDFC,EQ,04-Nov-21,2895.9,2899.05,2909,2895.05,129087
HDFC,W3,04-Nov-21,897,910,911,910,1200
HDFC,EQ,08-Nov-21,2899.7,2929,3002,2906.15,5481172
HDFC,W3,08-Nov-21,911,925,985,915,55800
HDFC,EQ,09-Nov-21,2979.55,2955.05,2966.95,2916.1,2947787
HDFC,W3,09-Nov-21,971.65,950,956.75,925.6,21600
HDFC,EQ,10-Nov-21,2941.6,2920,2951,2886.05,3294239
HDFC,W3,10-Nov-21,939,895.35,946,895,16800
HDFC,EQ,11-Nov-21,2945.6,2932,2932,2885.15,2480671
HDFC,W3,11-Nov-21,943,910,918.35,890,19200
HDFC,EQ,12-Nov-21,2908.85,2925,2998,2905.45,2802442
HDFC,W3,12-Nov-21,907.15,930,987,909,28800
HDFC,EQ,15-Nov-21,2992.65,3004,3021.1,2971,3248126
HDFC,W3,15-Nov-21,982.75,980,995,965,34200
HDFC,EQ,16-Nov-21,3000.85,2986.2,2999.25,2957.7,4242014
HDFC,W3,16-Nov-21,989.8,985,985,950,15000
HDFC,EQ,17-Nov-21,2975.45,2956.1,2977.2,2932.25,2398355
HDFC,W3,17-Nov-21,961,934.25,960,934.25,18600
HDFC,EQ,18-Nov-21,2948.4,2936.1,2964.05,2916.75,3481704
HDFC,W3,18-Nov-21,939.95,937,937,910,27600
HDFC,EQ,22-Nov-21,2925.4,2902,2934,2885.15,3951901
HDFC,W3,22-Nov-21,913.75,910.9,911,870.8,13800
HDFC,EQ,23-Nov-21,2894.85,2855,2915,2855,3340056
HDFC,W3,23-Nov-21,883.35,872,897,872,38400
HDFC,EQ,24-Nov-21,2906.5,2905.05,2923,2864.5,2318225
HDFC,W3,24-Nov-21,891,900,901,865.55,16800
HDFC,EQ,25-Nov-21,2883.55,2890.45,2890.45,2847,2221089
HDFC,W3,25-Nov-21,879.2,865,887.95,848,31200
HDFC,EQ,26-Nov-21,2867.75,2820.35,2856,2723,3353278
HDFC,W3,26-Nov-21,868.55,825,830,790.3,339000
HDFC,EQ,29-Nov-21,2741.7,2745,2747.5,2682.3,3571428
HDFC,W3,29-Nov-21,818.9,801.1,820.65,781.1,64800
HDFC,EQ,30-Nov-21,2713.8,2665,2764.9,2656,7628539
HDFC,W3,30-Nov-21,816.4,833,843,775,55200
HDFC,EQ,01-Dec-21,2673.1,2712.8,2757.45,2696.2,3847384
HDFC,W3,01-Dec-21,778.45,818.95,830.05,793.5,26400
HDFC,EQ,02-Dec-21,2703.65,2701.05,2814.95,2701.05,4570690
HDFC,W3,02-Dec-21,797.5,812.95,855,812.95,29400
HDFC,EQ,03-Dec-21,2807.8,2790,2823.95,2765,2961572
HDFC,W3,03-Dec-21,850.35,853.35,860,812,72600
HDFC,EQ,06-Dec-21,2771.65,2774.5,2799.9,2760,1683131
HDFC,W3,06-Dec-21,850,866.5,866.7,845,4800
HDFC,EQ,07-Dec-21,2768.8,2795,2838.05,2769.45,2543784
HDFC,W3,07-Dec-21,845,864.9,887,864.9,27600
HDFC,EQ,08-Dec-21,2817.5,2825.25,2864,2820.05,1772235
HDFC,W3,08-Dec-21,868.1,883.8,901,883.15,27600
HDFC,EQ,09-Dec-21,2853,2872,2877.75,2829.05,2036491
HDFC,W3,09-Dec-21,885.65,898.9,898.9,867,12600
HDFC,EQ,10-Dec-21,2842.05,2823.3,2838.25,2788.5,3455657
HDFC,W3,10-Dec-21,874,855,855,846.15,37200
HDFC,EQ,13-Dec-21,2808.75,2832.8,2838.8,2766.05,2661378
HDFC,W3,13-Dec-21,847.95,865.45,865.45,818.5,13200
HDFC,EQ,14-Dec-21,2771.85,2750,2764,2720.6,2039433
HDFC,W3,14-Dec-21,822.55,801.65,820,791.7,42600
HDFC,EQ,15-Dec-21,2751.95,2755,2759.95,2715,1355100
HDFC,W3,15-Dec-21,812.65,804,806.95,793,34800
HDFC,EQ,16-Dec-21,2721.8,2749.4,2755.25,2687.8,3149777
HDFC,W3,16-Dec-21,799.5,812.75,812.75,787.05,16200
HDFC,EQ,17-Dec-21,2699.6,2700,2712.3,2611,4503515
HDFC,W3,17-Dec-21,797.7,790,790,755.05,81000
HDFC,EQ,20-Dec-21,2617.35,2594,2594,2506.05,3483707
HDFC,W3,20-Dec-21,760.8,781.1,781.1,701.6,55800
HDFC,EQ,21-Dec-21,2550.3,2583.75,2588.9,2530,2502122
HDFC,W3,21-Dec-21,745,747,782,747,3600
HDFC,EQ,22-Dec-21,2540.85,2551.95,2557.15,2520.15,2763684
HDFC,W3,22-Dec-21,750,760,760,740.5,5400
HDFC,EQ,23-Dec-21,2539,2558,2582,2543.35,1777068
HDFC,W3,23-Dec-21,759.8,775,775,763,3600
HDFC,EQ,24-Dec-21,2571.15,2585,2585,2525.5,1033480
HDFC,W3,24-Dec-21,772,744.9,758,741.05,11400
HDFC,EQ,27-Dec-21,2534.55,2520,2564.9,2509.45,915233
HDFC,W3,27-Dec-21,747.05,750,760,750,2400
HDFC,EQ,28-Dec-21,2558.85,2579.8,2587.85,2548,1634180
HDFC,W3,28-Dec-21,760,755,763.8,747.2,7200
HDFC,EQ,29-Dec-21,2565.35,2575,2581,2551,1474656
HDFC,W3,29-Dec-21,751,765,765,760.5,1200
HDFC,EQ,30-Dec-21,2563.55,2561.3,2579.8,2545.4,1558019
HDFC,W3,30-Dec-21,760.5,769.75,780,765,6600
HDFC,EQ,31-Dec-21,2563.7,2565,2608.65,2561,2289067
HDFC,W3,31-Dec-21,778,785,785,780,3000
HDFC,EQ,03-Jan-22,2586.45,2594,2640,2587.1,1256497
HDFC,W3,03-Jan-22,780,781.1,814,777.1,39000
HDFC,EQ,04-Jan-22,2636.4,2645,2678.7,2620.35,1846249
HDFC,W3,04-Jan-22,802.25,800,808,792.7,6000
HDFC,EQ,05-Jan-22,2675.3,2680.95,2695.45,2652.3,3743882
HDFC,W3,05-Jan-22,808,800,808,800,11400
HDFC,EQ,06-Jan-22,2673.65,2646.35,2654.75,2603.5,4616700
HDFC,W3,06-Jan-22,808,800,800,772,9000
HDFC,EQ,07-Jan-22,2620.4,2606.05,2618.3,2585,6185361
HDFC,W3,07-Jan-22,774.7,770,780,763.05,12000
HDFC,EQ,10-Jan-22,2596.7,2601.9,2665.05,2601.9,5328083
HDFC,W3,10-Jan-22,764,770,797,765,30000
HDFC,EQ,11-Jan-22,2659.65,2664,2729,2664,4170007
HDFC,W3,11-Jan-22,780.5,780.5,805,780.5,18000
HDFC,EQ,12-Jan-22,2710.95,2736,2752,2713.05,2695634
HDFC,W3,12-Jan-22,795,800,809.9,795,20400
HDFC,EQ,13-Jan-22,2737.5,2750,2762,2726.1,2011413
HDFC,W3,13-Jan-22,798.95,808,817.9,806,7800
HDFC,EQ,14-Jan-22,2756,2712,2731.6,2687.3,1765906
HDFC,W3,14-Jan-22,809.4,784.5,815.05,775.05,25800
HDFC,EQ,17-Jan-22,2712.45,2710.6,2733.1,2692.5,1614989
HDFC,W3,17-Jan-22,803,810.05,810.05,786,11400
HDFC,EQ,18-Jan-22,2702.7,2713,2713.55,2656.8,2086266
HDFC,W3,18-Jan-22,798,790.05,798.5,785.05,17400
HDFC,EQ,19-Jan-22,2662.5,2681,2698.85,2608.1,1793748
HDFC,W3,19-Jan-22,790.8,782,782,762,7800
HDFC,EQ,20-Jan-22,2620.25,2612.65,2630,2543.4,3759429
HDFC,W3,20-Jan-22,769.85,751,759.75,749.5,7800
HDFC,EQ,21-Jan-22,2569.3,2553.5,2605.35,2542.05,3952946
HDFC,W3,21-Jan-22,754.9,760,765,752.5,5400
HDFC,EQ,24-Jan-22,2592.95,2571.65,2601.8,2510.35,2340062
HDFC,W3,24-Jan-22,757.8,744,744,682.05,144000
HDFC,EQ,25-Jan-22,2539.8,2500,2540.7,2473.8,4528568
HDFC,W3,25-Jan-22,700.25,699.5,708,690,5400
HDFC,EQ,27-Jan-22,2530.6,2505.6,2514,2448.6,6600059
HDFC,W3,27-Jan-22,708,680,709,672.1,80400
HDFC,EQ,28-Jan-22,2503.35,2513.7,2556.8,2488.7,4885166
HDFC,W3,28-Jan-22,707,710.05,730,710.05,27600
HDFC,EQ,31-Jan-22,2516.5,2541.8,2561.4,2513.15,3306726
HDFC,W3,31-Jan-22,719.9,733.55,733.55,720,4800
HDFC,EQ,01-Feb-22,2521,2552.6,2596,2510.3,2980741
HDFC,W3,01-Feb-22,726,730,765.05,730,24600
HDFC,EQ,02-Feb-22,2565.35,2583.2,2623.3,2580.7,4160178
HDFC,W3,02-Feb-22,763.85,768,780,752.1,31200
HDFC,EQ,03-Feb-22,2612.95,2613,2620,2520,4647089
HDFC,W3,03-Feb-22,758,740.05,745.55,720.1,9000
HDFC,EQ,04-Feb-22,2527.8,2546.5,2547,2497,4404184
HDFC,W3,04-Feb-22,722.05,734.9,747.5,720,14400
HDFC,EQ,07-Feb-22,2503.25,2488.5,2512.1,2420,3664108
HDFC,W3,07-Feb-22,722,705.75,712,675,41400
HDFC,EQ,08-Feb-22,2428.15,2441,2452,2405,6127473
HDFC,W3,08-Feb-22,678.2,680,688.45,660.05,28800
HDFC,EQ,09-Feb-22,2414.6,2432,2442.5,2402.5,7141774
HDFC,W3,09-Feb-22,672.2,671,687,660.1,25800
HDFC,EQ,10-Feb-22,2435.35,2462,2505.7,2441.6,6346218
HDFC,W3,10-Feb-22,675.05,689.8,704.9,685.1,36000
HDFC,EQ,11-Feb-22,2476.55,2449.95,2449.95,2417.1,4062444
HDFC,W3,11-Feb-22,686.55,656.1,670.55,646,44400
HDFC,EQ,14-Feb-22,2426.35,2390,2390,2290,5903697
HDFC,W3,14-Feb-22,647.6,600,644,600,45000
HDFC,EQ,15-Feb-22,2296.8,2319.75,2345,2286.85,9153706
HDFC,W3,15-Feb-22,603,614.7,633.9,610,171600
HDFC,EQ,16-Feb-22,2340.25,2341,2403.85,2341,8005225
HDFC,W3,16-Feb-22,625,635,642,622,19200
HDFC,EQ,17-Feb-22,2363.85,2389.95,2426,2361.8,5317679
HDFC,W3,17-Feb-22,623.95,642,642,621,33000
HDFC,EQ,18-Feb-22,2411.8,2411.8,2451,2402.4,3725963
HDFC,W3,18-Feb-22,630.75,639.75,654,639.75,27600
HDFC,EQ,21-Feb-22,2441.15,2424.95,2447.65,2410,2979739
HDFC,W3,21-Feb-22,640.5,640,655,640,16200
HDFC,EQ,22-Feb-22,2436.8,2385.1,2462.25,2373.15,4604370
HDFC,W3,22-Feb-22,640.6,610,635,610,21600
HDFC,EQ,23-Feb-22,2453.95,2471.8,2479.45,2428.3,3044306
HDFC,W3,23-Feb-22,635,640.05,645.95,617,96600
HDFC,EQ,24-Feb-22,2437.05,2367,2401,2331,5058230
HDFC,W3,24-Feb-22,620.3,600,619,600,43800
HDFC,EQ,25-Feb-22,2343.05,2380.9,2417.1,2370.05,2731176
HDFC,W3,25-Feb-22,609.8,623,626,608,52800
HDFC,EQ,28-Feb-22,2401.35,2375,2402.8,2333,8366630
HDFC,W3,28-Feb-22,610,595,610,595,10800
HDFC,EQ,02-Mar-22,2364.5,2321.5,2321.5,2259.45,8890970
HDFC,W3,02-Mar-22,600,560,593.7,560,27000
HDFC,EQ,03-Mar-22,2278.1,2280,2306.55,2262.25,6191711
HDFC,W3,03-Mar-22,570,571.1,581,547,46200
HDFC,EQ,04-Mar-22,2273,2250.3,2263,2203,4537882
HDFC,W3,04-Mar-22,548.2,532,540,520,142800
HDFC,EQ,07-Mar-22,2217.5,2139.4,2154.9,2098.2,7675627
HDFC,W3,07-Mar-22,529.8,490,506,480.6,45000
HDFC,EQ,08-Mar-22,2121.95,2106,2161.95,2046,9024183
HDFC,W3,08-Mar-22,497.1,485,533.8,480,72600
HDFC,EQ,09-Mar-22,2151.7,2151.7,2216,2120.35,6114047
HDFC,W3,09-Mar-22,525,530,550,525,43200
HDFC,EQ,10-Mar-22,2194.4,2287,2287,2206.65,4183914
HDFC,W3,10-Mar-22,533.15,562,567.8,542,16200
HDFC,EQ,11-Mar-22,2237.95,2216,2259.85,2189.9,2532517
HDFC,W3,11-Mar-22,542,549.5,580,549.5,13800
HDFC,EQ,14-Mar-22,2230,2235,2285.6,2218,2153393
HDFC,W3,14-Mar-22,580,555.25,560.25,543,58800
HDFC,EQ,15-Mar-22,2275.7,2291.7,2308.05,2230.45,4557236
HDFC,W3,15-Mar-22,550.05,565,570,540,11400
HDFC,EQ,16-Mar-22,2240.85,2280,2320,2272.65,3558601
HDFC,W3,16-Mar-22,541.8,572.7,580,561,15600
HDFC,EQ,17-Mar-22,2292.1,2346,2423.8,2346,6664277
HDFC,W3,17-Mar-22,569.75,605.9,605.9,587,84000
HDFC,EQ,21-Mar-22,2415.25,2459,2459,2383.5,3702411
HDFC,W3,21-Mar-22,590.65,577,579,577,2400
HDFC,EQ,22-Mar-22,2391.9,2398,2420,2355.55,6357856
HDFC,W3,22-Mar-22,577.75,570,584,570,9600
HDFC,EQ,23-Mar-22,2402.75,2408.75,2422.6,2341.2,3173223
HDFC,W3,23-Mar-22,574.5,570,570,545,57600
HDFC,EQ,24-Mar-22,2346.3,2318,2356.95,2303.55,3994199
HDFC,W3,24-Mar-22,548.95,540,540,510,114000
HDFC,EQ,25-Mar-22,2310.5,2333,2339.05,2286.75,3418282
HDFC,W3,25-Mar-22,510.2,530,550,508,73200
HDFC,EQ,28-Mar-22,2303,2310,2313.9,2234.1,4734110
HDFC,W3,28-Mar-22,519.45,519,520,495,54600
HDFC,EQ,29-Mar-22,2268.25,2285.9,2344.9,2284,3202852
HDFC,W3,29-Mar-22,498.9,517.95,530,507.65,102000
HDFC,EQ,30-Mar-22,2337.35,2369.4,2388,2347.65,3176850
HDFC,W3,30-Mar-22,528.1,534.9,562.95,534.9,20400
HDFC,EQ,31-Mar-22,2385.45,2381.5,2428.2,2380.2,4167353
HDFC,W3,31-Mar-22,561.95,555,573,510,61800
HDFC,EQ,01-Apr-22,2390.4,2363.2,2464.7,2349,2651324
HDFC,W3,01-Apr-22,521.95,525.9,570.1,525.75,43800
HDFC,EQ,04-Apr-22,2452.3,2570.5,2933.8,2570.5,34117717
HDFC,W3,04-Apr-22,566.9,548.75,623.55,548.75,453600
HDFC,EQ,05-Apr-22,2680.05,2677.4,2680,2614.1,6178848
HDFC,W3,05-Apr-22,623.55,685.9,685.9,641,144600
HDFC,EQ,06-Apr-22,2623.7,2597.4,2604,2530.1,5102935
HDFC,W3,06-Apr-22,650.1,613.45,632.7,610,255600
HDFC,EQ,07-Apr-22,2536.05,2511.6,2519.9,2458.15,8094839
HDFC,W3,07-Apr-22,627.65,615,627.5,610,85200
HDFC,EQ,08-Apr-22,2462.7,2490,2490,2427.6,9568303
HDFC,W3,08-Apr-22,611.05,603,603,581,164400
HDFC,EQ,11-Apr-22,2458.25,2440,2454,2421.1,4173679
HDFC,W3,11-Apr-22,595.25,575,590,575,114600
HDFC,EQ,12-Apr-22,2424.7,2411.2,2443.7,2399,5390147
HDFC,W3,12-Apr-22,584.5,584.95,590,570.05,20400
HDFC,EQ,13-Apr-22,2425.7,2447,2447,2371.55,4257122
HDFC,W3,13-Apr-22,573.5,571.05,571.05,547,31800
HDFC,EQ,18-Apr-22,2378.5,2318.6,2322,2257.05,9158650
HDFC,W3,18-Apr-22,548.8,526.1,527,499.95,96600
HDFC,EQ,19-Apr-22,2263.5,2264.1,2270.9,2111.25,20050720
HDFC,W3,19-Apr-22,505.3,504.55,504.55,467,166800
HDFC,EQ,20-Apr-22,2140.2,2154,2188.9,2144,5434844
HDFC,W3,20-Apr-22,493.4,481,498,480,141600
HDFC,EQ,21-Apr-22,2180.2,2197.7,2246.6,2181.2,5419406
HDFC,W3,21-Apr-22,482.35,486,511.9,470,97800
HDFC,EQ,22-Apr-22,2230.65,2190.05,2242.3,2186,4840122
HDFC,W3,22-Apr-22,509.7,495,514.55,490,49200
HDFC,EQ,25-Apr-22,2206.4,2187.9,2221,2156,2999737
HDFC,W3,25-Apr-22,507,495,497.35,485.3,39000
HDFC,EQ,26-Apr-22,2210.5,2230,2239,2205,2514191
HDFC,W3,26-Apr-22,492.6,496,505,496,35400
HDFC,EQ,27-Apr-22,2230.2,2214.7,2238.9,2206,2560457
HDFC,W3,27-Apr-22,502.75,492.55,500.6,485,146400
HDFC,EQ,28-Apr-22,2218.7,2237.4,2237.4,2206.75,3424941
HDFC,W3,28-Apr-22,487,490,490,480.05,10800
HDFC,EQ,29-Apr-22,2224,2230,2283.5,2215,5492816
HDFC,W3,29-Apr-22,489,490.8,505,488.5,17400
HDFC,EQ,02-May-22,2229.7,2194.1,2270,2184,3878583
HDFC,W3,02-May-22,496.4,493.9,500,485.1,20400
HDFC,EQ,04-May-22,2264,2271.3,2278,2192,4754704
HDFC,W3,04-May-22,495.85,492.05,493,470,12000
HDFC,EQ,05-May-22,2206.95,2230.35,2251.9,2207,2661611
HDFC,W3,05-May-22,473.05,470.7,488,470,7200
HDFC,EQ,06-May-22,2215.4,2170,2190,2142.75,3862931
HDFC,W3,06-May-22,470,475,475.5,470,51000
HDFC,EQ,09-May-22,2150.65,2115,2181,2113.6,3969231
HDFC,W3,09-May-22,474.5,451.1,465,451.1,24000
HDFC,EQ,10-May-22,2168.3,2163.45,2221.8,2160.25,4205193
HDFC,W3,10-May-22,461,465.25,470.55,456,15000
HDFC,EQ,11-May-22,2201.3,2228.2,2237.85,2186.35,3499620
HDFC,W3,11-May-22,457.45,460,468.9,445.55,13800
HDFC,EQ,12-May-22,2219.1,2190,2204,2143,4361039
HDFC,W3,12-May-22,456,451.55,451.55,441.25,8400
HDFC,EQ,13-May-22,2150.45,2165.4,2190.95,2125.25,4905109
HDFC,W3,13-May-22,441.25,443,456.15,443,12000
HDFC,EQ,16-May-22,2132.95,2134.5,2182.55,2130.55,1745877
HDFC,W3,16-May-22,456.15,460,476.95,443.5,16800
HDFC,EQ,17-May-22,2172.1,2180,2196.6,2160.75,3079155
HDFC,W3,17-May-22,444.7,448.9,450.35,444,25800
HDFC,EQ,18-May-22,2190.55,2195,2218,2178,2472415
HDFC,W3,18-May-22,446,446,446,445.45,2400
HDFC,EQ,19-May-22,2184.55,2132,2158.95,2122.65,3867697
HDFC,W3,19-May-22,445.45,430,430,421,11400
HDFC,EQ,20-May-22,2136.3,2165,2212,2152.3,3954167
HDFC,W3,20-May-22,421.85,438,450,430,14400
HDFC,EQ,23-May-22,2201.6,2217.7,2221,2165.2,3630816
HDFC,W3,23-May-22,433.05,435,435,415,10200
HDFC,EQ,24-May-22,2175.95,2167.75,2226,2158.1,3778065
HDFC,W3,24-May-22,416.85,424.85,429,420,31200
HDFC,EQ,25-May-22,2206.8,2217.85,2251.15,2216.05,3147555
HDFC,W3,25-May-22,421,425,428,415,6000
HDFC,EQ,26-May-22,2237.45,2242,2301.65,2242,5940524
HDFC,W3,26-May-22,416,423,446.5,422.55,30600
HDFC,EQ,27-May-22,2287.75,2304.6,2334.25,2300.3,2257207
HDFC,W3,27-May-22,444.35,450.55,455,446,22200
